{"cameraMode":{"drawMode":0,"name":"Shaded","section":"Shading Mode"},"sceneLighting":false,"audioPlay":false,"sceneViewState":{"showFog":true,"showMaterialUpdate":false,"showSkybox":true,"showFlares":true,"showImageEffects":true,"showParticleSystems":true},"in2DMode":false,"pivot":{"x":-0.4000000059604645,"y":0.14300000667572022,"z":0.23600000143051148},"rotation":{"x":0.4725707769393921,"y":0.01745659112930298,"z":-0.009362785145640374,"w":0.8810701370239258},"size":0.2857884168624878,"orthographic":false}