{"cameraMode":{"drawMode":0,"name":"Shaded","section":"Shading Mode"},"sceneLighting":false,"audioPlay":false,"sceneViewState":{"showFog":true,"showMaterialUpdate":false,"showSkybox":true,"showFlares":true,"showImageEffects":true,"showParticleSystems":true},"in2DMode":false,"pivot":{"x":-0.013921174220740796,"y":-0.03436528146266937,"z":-0.06245322525501251},"rotation":{"x":0.759814441204071,"y":0.030375158414244653,"z":-0.035594191402196887,"w":0.6484538316726685},"size":0.6082714200019836,"orthographic":false}