{"cameraMode":{"drawMode":0,"name":"Shaded","section":"Shading Mode"},"sceneLighting":false,"audioPlay":false,"sceneViewState":{"showFog":true,"showMaterialUpdate":false,"showSkybox":true,"showFlares":true,"showImageEffects":true,"showParticleSystems":true},"in2DMode":false,"pivot":{"x":0.0,"y":-2.2351741790771486e-8,"z":-3.725290298461914e-8},"rotation":{"x":0.4673698842525482,"y":-0.09355314075946808,"z":0.04981690272688866,"w":0.8776853680610657},"size":0.28682225942611697,"orthographic":false}