{"cameraMode":{"drawMode":0,"name":"Shaded","section":"Shading Mode"},"sceneLighting":false,"audioPlay":false,"sceneViewState":{"showFog":true,"showMaterialUpdate":false,"showSkybox":true,"showFlares":true,"showImageEffects":true,"showParticleSystems":true},"in2DMode":false,"pivot":{"x":0.3179999887943268,"y":0.15000000596046449,"z":0.28600001335144045},"rotation":{"x":0.6121761202812195,"y":-0.0009407044854015112,"z":0.0007287283660843968,"w":0.7907205820083618},"size":0.7144709229469299,"orthographic":false}