{"cameraMode":{"drawMode":0,"name":"Shaded","section":"Shading Mode"},"sceneLighting":false,"audioPlay":false,"sceneViewState":{"showFog":true,"showMaterialUpdate":false,"showSkybox":true,"showFlares":true,"showImageEffects":true,"showParticleSystems":true},"in2DMode":false,"pivot":{"x":1.5273690223693848e-7,"y":-1.4901161193847657e-8,"z":0.0},"rotation":{"x":0.4673698842525482,"y":-0.09355314075946808,"z":0.04981690272688866,"w":0.8776853680610657},"size":0.3577387034893036,"orthographic":false}