{"cameraMode":{"drawMode":0,"name":"Shaded","section":"Shading Mode"},"sceneLighting":false,"audioPlay":false,"sceneViewState":{"showFog":true,"showMaterialUpdate":false,"showSkybox":true,"showFlares":true,"showImageEffects":true,"showParticleSystems":true},"in2DMode":false,"pivot":{"x":0.0,"y":0.15000000596046449,"z":0.29100000858306887},"rotation":{"x":0.1541883796453476,"y":-0.007103846874088049,"z":0.0011089631589129568,"w":0.9880152940750122},"size":4.614470958709717,"orthographic":false}