{"cameraMode":{"drawMode":0,"name":"Shaded","section":"Shading Mode"},"sceneLighting":true,"audioPlay":false,"sceneViewState":{"showFog":true,"showMaterialUpdate":false,"showSkybox":true,"showFlares":true,"showImageEffects":true,"showParticleSystems":true},"in2DMode":false,"pivot":{"x":4.6627631187438969,"y":0.23881912231445313,"z":3.9380102157592775},"rotation":{"x":0.4725707769393921,"y":0.01745659112930298,"z":-0.009362785145640374,"w":0.8810701370239258},"size":35.68935012817383,"orthographic":false}